{
  "id" : "dbda8b20-90a0-11e8-9c67-ff7a87c90b61-15",
  "name" : "DisableService6.txt",
  "createdDate" : 0,
  "version" : 3,
  "text" : "my number is 1000000001. Remove missed call alerts service\n",
  "docLength" : 0,
  "language" : "EN",
  "status" : "SUBMITTED",
  "modifiedDate" : 1532591027971,
  "documentSet" : [ ],
  "preannotation" : [ ],
  "sentences" : [ {
    "id" : "s0",
    "begin" : 0,
    "end" : 24,
    "text" : "my number is 1000000001.",
    "tokens" : [ {
      "id" : "s0-t0",
      "begin" : 0,
      "end" : 2,
      "text" : "my",
      "whiteSpace" : false
    }, {
      "id" : "s0-t1",
      "begin" : 3,
      "end" : 9,
      "text" : "number",
      "whiteSpace" : false
    }, {
      "id" : "s0-t2",
      "begin" : 10,
      "end" : 12,
      "text" : "is",
      "whiteSpace" : false
    }, {
      "id" : "s0-t3",
      "begin" : 13,
      "end" : 23,
      "text" : "1000000001",
      "whiteSpace" : false
    }, {
      "id" : "s0-t4",
      "begin" : 23,
      "end" : 24,
      "text" : ".",
      "whiteSpace" : false
    } ]
  }, {
    "id" : "s1",
    "begin" : 25,
    "end" : 58,
    "text" : "Remove missed call alerts service",
    "tokens" : [ {
      "id" : "s1-t0",
      "begin" : 25,
      "end" : 31,
      "text" : "Remove",
      "whiteSpace" : false
    }, {
      "id" : "s1-t1",
      "begin" : 32,
      "end" : 38,
      "text" : "missed",
      "whiteSpace" : false
    }, {
      "id" : "s1-t2",
      "begin" : 39,
      "end" : 43,
      "text" : "call",
      "whiteSpace" : false
    }, {
      "id" : "s1-t3",
      "begin" : 44,
      "end" : 50,
      "text" : "alerts",
      "whiteSpace" : false
    }, {
      "id" : "s1-t4",
      "begin" : 51,
      "end" : 58,
      "text" : "service",
      "whiteSpace" : false
    } ]
  } ],
  "mentions" : [ {
    "id" : "s0-m1",
    "properties" : {
      "SIRE_MENTION_ROLE" : "phone_no",
      "SIRE_ENTITY_SUBTYPE" : "NONE",
      "SIRE_MENTION_TYPE" : "NONE",
      "SIRE_MENTION_CLASS" : "SPC"
    },
    "type" : "phone_no",
    "begin" : 13,
    "end" : 23,
    "inCoref" : false
  }, {
    "id" : "s1-m1",
    "properties" : {
      "SIRE_MENTION_ROLE" : "service",
      "SIRE_ENTITY_SUBTYPE" : "NONE",
      "SIRE_MENTION_TYPE" : "NONE",
      "SIRE_MENTION_CLASS" : "SPC"
    },
    "type" : "service",
    "begin" : 32,
    "end" : 50,
    "inCoref" : false
  } ],
  "relations" : [ ],
  "corefs" : [ ],
  "typeResolved" : true,
  "userResolved" : false
}