{
  "id" : "dbda8b20-90a0-11e8-9c67-ff7a87c90b61-0",
  "name" : "AddFamily1.txt",
  "createdDate" : 0,
  "version" : 3,
  "text" : "Hi. Please add my wife Hemavathi Rathod to my family plan. Her phone number is 1000000002\n",
  "docLength" : 0,
  "language" : "EN",
  "status" : "SUBMITTED",
  "modifiedDate" : 1532588644034,
  "documentSet" : [ ],
  "preannotation" : [ ],
  "sentences" : [ {
    "id" : "s0",
    "begin" : 0,
    "end" : 3,
    "text" : "Hi.",
    "tokens" : [ {
      "id" : "s0-t0",
      "begin" : 0,
      "end" : 2,
      "text" : "Hi",
      "whiteSpace" : false
    }, {
      "id" : "s0-t1",
      "begin" : 2,
      "end" : 3,
      "text" : ".",
      "whiteSpace" : false
    } ]
  }, {
    "id" : "s1",
    "begin" : 4,
    "end" : 58,
    "text" : "Please add my wife Hemavathi Rathod to my family plan.",
    "tokens" : [ {
      "id" : "s1-t0",
      "begin" : 4,
      "end" : 10,
      "text" : "Please",
      "whiteSpace" : false
    }, {
      "id" : "s1-t1",
      "begin" : 11,
      "end" : 14,
      "text" : "add",
      "whiteSpace" : false
    }, {
      "id" : "s1-t2",
      "begin" : 15,
      "end" : 17,
      "text" : "my",
      "whiteSpace" : false
    }, {
      "id" : "s1-t3",
      "begin" : 18,
      "end" : 22,
      "text" : "wife",
      "whiteSpace" : false
    }, {
      "id" : "s1-t4",
      "begin" : 23,
      "end" : 32,
      "text" : "Hemavathi",
      "whiteSpace" : false
    }, {
      "id" : "s1-t5",
      "begin" : 33,
      "end" : 39,
      "text" : "Rathod",
      "whiteSpace" : false
    }, {
      "id" : "s1-t6",
      "begin" : 40,
      "end" : 42,
      "text" : "to",
      "whiteSpace" : false
    }, {
      "id" : "s1-t7",
      "begin" : 43,
      "end" : 45,
      "text" : "my",
      "whiteSpace" : false
    }, {
      "id" : "s1-t8",
      "begin" : 46,
      "end" : 52,
      "text" : "family",
      "whiteSpace" : false
    }, {
      "id" : "s1-t9",
      "begin" : 53,
      "end" : 57,
      "text" : "plan",
      "whiteSpace" : false
    }, {
      "id" : "s1-t10",
      "begin" : 57,
      "end" : 58,
      "text" : ".",
      "whiteSpace" : false
    } ]
  }, {
    "id" : "s2",
    "begin" : 59,
    "end" : 89,
    "text" : "Her phone number is 1000000002",
    "tokens" : [ {
      "id" : "s2-t0",
      "begin" : 59,
      "end" : 62,
      "text" : "Her",
      "whiteSpace" : false
    }, {
      "id" : "s2-t1",
      "begin" : 63,
      "end" : 68,
      "text" : "phone",
      "whiteSpace" : false
    }, {
      "id" : "s2-t2",
      "begin" : 69,
      "end" : 75,
      "text" : "number",
      "whiteSpace" : false
    }, {
      "id" : "s2-t3",
      "begin" : 76,
      "end" : 78,
      "text" : "is",
      "whiteSpace" : false
    }, {
      "id" : "s2-t4",
      "begin" : 79,
      "end" : 89,
      "text" : "1000000002",
      "whiteSpace" : false
    } ]
  } ],
  "mentions" : [ {
    "id" : "s1-m1",
    "properties" : {
      "SIRE_MENTION_ROLE" : "add_user_first_name",
      "SIRE_ENTITY_SUBTYPE" : "NONE",
      "SIRE_MENTION_TYPE" : "NONE",
      "SIRE_MENTION_CLASS" : "SPC"
    },
    "type" : "add_user_first_name",
    "begin" : 23,
    "end" : 32,
    "inCoref" : false
  }, {
    "id" : "s1-m2",
    "properties" : {
      "SIRE_MENTION_ROLE" : "add_user_last_name",
      "SIRE_ENTITY_SUBTYPE" : "NONE",
      "SIRE_MENTION_TYPE" : "NONE",
      "SIRE_MENTION_CLASS" : "SPC"
    },
    "type" : "add_user_last_name",
    "begin" : 33,
    "end" : 39,
    "inCoref" : false
  }, {
    "id" : "s2-m1",
    "properties" : {
      "SIRE_MENTION_ROLE" : "add_user_phone_no",
      "SIRE_ENTITY_SUBTYPE" : "NONE",
      "SIRE_MENTION_TYPE" : "NONE",
      "SIRE_MENTION_CLASS" : "SPC"
    },
    "type" : "add_user_phone_no",
    "begin" : 79,
    "end" : 89,
    "inCoref" : false
  } ],
  "relations" : [ ],
  "corefs" : [ ],
  "typeResolved" : true,
  "userResolved" : false
}