{
  "id" : "dbda8b20-90a0-11e8-9c67-ff7a87c90b61-8",
  "name" : "ChangePlanEmail4.txt",
  "createdDate" : 0,
  "version" : 3,
  "text" : "Hi. I am Muralidhar Chavan. I want to migrate to Inifinity\n",
  "docLength" : 0,
  "language" : "EN",
  "status" : "SUBMITTED",
  "modifiedDate" : 1532591282579,
  "documentSet" : [ ],
  "preannotation" : [ ],
  "sentences" : [ {
    "id" : "s0",
    "begin" : 0,
    "end" : 3,
    "text" : "Hi.",
    "tokens" : [ {
      "id" : "s0-t0",
      "begin" : 0,
      "end" : 2,
      "text" : "Hi",
      "whiteSpace" : false
    }, {
      "id" : "s0-t1",
      "begin" : 2,
      "end" : 3,
      "text" : ".",
      "whiteSpace" : false
    } ]
  }, {
    "id" : "s1",
    "begin" : 4,
    "end" : 27,
    "text" : "I am Muralidhar Chavan.",
    "tokens" : [ {
      "id" : "s1-t0",
      "begin" : 4,
      "end" : 5,
      "text" : "I",
      "whiteSpace" : false
    }, {
      "id" : "s1-t1",
      "begin" : 6,
      "end" : 8,
      "text" : "am",
      "whiteSpace" : false
    }, {
      "id" : "s1-t2",
      "begin" : 9,
      "end" : 19,
      "text" : "Muralidhar",
      "whiteSpace" : false
    }, {
      "id" : "s1-t3",
      "begin" : 20,
      "end" : 26,
      "text" : "Chavan",
      "whiteSpace" : false
    }, {
      "id" : "s1-t4",
      "begin" : 26,
      "end" : 27,
      "text" : ".",
      "whiteSpace" : false
    } ]
  }, {
    "id" : "s2",
    "begin" : 28,
    "end" : 58,
    "text" : "I want to migrate to Inifinity",
    "tokens" : [ {
      "id" : "s2-t0",
      "begin" : 28,
      "end" : 29,
      "text" : "I",
      "whiteSpace" : false
    }, {
      "id" : "s2-t1",
      "begin" : 30,
      "end" : 34,
      "text" : "want",
      "whiteSpace" : false
    }, {
      "id" : "s2-t2",
      "begin" : 35,
      "end" : 37,
      "text" : "to",
      "whiteSpace" : false
    }, {
      "id" : "s2-t3",
      "begin" : 38,
      "end" : 45,
      "text" : "migrate",
      "whiteSpace" : false
    }, {
      "id" : "s2-t4",
      "begin" : 46,
      "end" : 48,
      "text" : "to",
      "whiteSpace" : false
    }, {
      "id" : "s2-t5",
      "begin" : 49,
      "end" : 58,
      "text" : "Inifinity",
      "whiteSpace" : false
    } ]
  } ],
  "mentions" : [ {
    "id" : "s2-m1",
    "properties" : {
      "SIRE_MENTION_ROLE" : "new_plan",
      "SIRE_ENTITY_SUBTYPE" : "NONE",
      "SIRE_MENTION_TYPE" : "NONE",
      "SIRE_MENTION_CLASS" : "SPC"
    },
    "type" : "new_plan",
    "begin" : 49,
    "end" : 58,
    "inCoref" : false
  } ],
  "relations" : [ ],
  "corefs" : [ ],
  "typeResolved" : true,
  "userResolved" : false
}